<?xml version="1.0" encoding="UTF-8"?>
<project-private xmlns="http://www.netbeans.org/ns/project-private/1">
    <editor-bookmarks xmlns="http://www.netbeans.org/ns/editor-bookmarks/2" lastBookmarkId="0"/>
    <open-files xmlns="http://www.netbeans.org/ns/projectui-open-files/2">
        <group>
            <file>file:/C:/Users/poher/OneDrive/Documents/NetBeansProjects/Assignment/src/assignment/Assignment.java</file>
            <file>file:/C:/Users/poher/OneDrive/Documents/NetBeansProjects/Assignment/src/assignment/dijkstra.java</file>
            <file>file:/C:/Users/poher/OneDrive/Documents/NetBeansProjects/Assignment/src/assignment/Graph.java</file>
            <file>file:/C:/Users/poher/OneDrive/Documents/NetBeansProjects/Assignment/src/assignment/Edge.java</file>
            <file>file:/C:/Users/poher/OneDrive/Documents/NetBeansProjects/Assignment/src/assignment/MapVisualization.java</file>
            <file>file:/C:/Users/poher/OneDrive/Documents/NetBeansProjects/Assignment/src/assignment/NodeTime.java</file>
            <file>file:/C:/Users/poher/OneDrive/Documents/NetBeansProjects/Assignment/src/assignment/InterfaceGraph.java</file>
            <file>file:/C:/Users/poher/OneDrive/Documents/NetBeansProjects/Assignment/src/assignment/AddDeleteLocationLine.java</file>
            <file>file:/C:/Users/poher/OneDrive/Documents/NetBeansProjects/Assignment/src/assignment/none.java</file>
        </group>
    </open-files>
</project-private>
